{
  "layers": [
    {
      "type": "Conv1D",
      "filters": 64,
      "kernel_size": 5
    },
    {
      "type": "LSTM",
      "units": 128,
      "dropout": 0.2
    },
    {
      "type": "PortfolioOutput",
      "units": 30
    }
  ],
  "training":{
    "steps": 80000,
    "learning_rate": 1e-5,
    "batch_size": 32, 
    "buffer_biased": 0.55,
    "snap_shot":false,
    "fast_train":true,
    "training_method":"Adam",
    "loss_function":"mvo_hybrid",
    "lambda_var": 0.5,
    "lambda_div": 0.2,
    "lambda_turnover": 0.3, 
    "gradient_clip": 0.1,
    "risk_free_rate": 0.0001,
    "decay": { 
      "var_decay_steps": 20000,
      "var_decay_rate": 0.95,
      "div_decay_steps": 40000,
      "div_decay_rate": 0.97
    }
  },

  "input":{
    "window_size":21,
    "total_stock":29,
    "global_period":86400,
    "feature_number":6,
    "test_portion":0.08,
    "online":false,
    "csv_path": "C:/Users/jocel/Downloads/FYP-Final/portopti/rawdata/combined_stocks.csv",
    "start_date":"2015/07/01",
    "end_date":"2017/07/01",
    "volume_average_days":30,
    "portion_reversed": false
  },

  "trading":{
    "trading_consumption":0.0003,
    "rolling_training_steps":85,
    "learning_rate":0.00028,
    "buffer_biased":5e-5
  }
}
