{
    "agent_type": "NNAgent",
    "input": {
        "csv_path": "C:/Users/jocel/Downloads/FYP-new/FYP/portopti/rawdata/combined_stocks.csv",
        "end_date": "2017/07/01",
        "fake_ratio": 1,
        "feature_number": 6,
        "global_period": 86400,
        "is_permed": false,
        "market": "poloniex",
        "norm_method": "absolute",
        "online": false,
        "portion_reversed": false,
        "save_memory_mode": false,
        "start_date": "2015/07/01",
        "test_portion": 0.08,
        "total_stock": 29,
        "volume_average_days": 30,
        "window_size": 21
    },
    "layers": [
        {
            "activation": "relu",
            "filters": 64,
            "kernel_size": 5,
            "regularizer": "L2",
            "type": "Conv1D",
            "weight_decay": 0.0001
        },
        {
            "dropout": 0.2,
            "return_sequences": false,
            "type": "LSTM",
            "units": 128
        },
        {
            "regularizer": "L2",
            "type": "PortfolioOutput",
            "units": 30,
            "weight_decay": 0.0001
        }
    ],
    "random_seed": 0,
    "trading": {
        "buffer_biased": 5e-05,
        "learning_rate": 0.00028,
        "rolling_training_steps": 85,
        "trading_consumption": 0.0003
    },
    "training": {
        "batch_size": 32,
        "buffer_biased": 0.55,
        "decay": {
            "div_decay_rate": 0.97,
            "div_decay_steps": 40000,
            "var_decay_rate": 0.95,
            "var_decay_steps": 20000
        },
        "decay_rate": 1.0,
        "decay_steps": 50000,
        "fast_train": true,
        "gradient_clip": 0.1,
        "lambda_div": 0.2,
        "lambda_turnover": 0.3,
        "lambda_var": 0.5,
        "learning_rate": 1e-05,
        "loss_function": "mvo_hybrid",
        "risk_free_rate": 0.0001,
        "snap_shot": false,
        "steps": 80000,
        "training_method": "Adam"
    }
}